Year,Fatigue_Avg
2006,0.6829399722881825
2007,0.5332575389323564
2008,0.675114600771979
2009,0.7073662898744573
2010,0.537316712850724
2011,0.4538865945396846
2012,0.639381929402269
2013,0.49012303779698124
2014,0.518166085749037
2015,0.7659263386636794
2016,0.462165810722678
2017,0.549470102458923
2018,0.748089617647976
2020,0.376899615707913
2021,0.4033272591817965
2023,0.3439509233099239
2024,0.4126262367155723
2025,0.3656392107142342
