Year,Fatigue_Avg
2006,0.7139430806030878
2007,0.5326432986887235
2008,0.6526041898301853
2009,0.6879925759815118
2010,0.5148117698158008
2011,0.45087489166490674
2012,0.625501348945714
2013,0.4834379596344846
2014,0.48350303903534975
2015,0.7646852518356267
2016,0.44456143260626696
2017,0.5320452436631701
2018,0.7019376680052924
2020,0.37451054539387796
2021,0.3720466495024463
2023,0.33899206126774967
2024,0.40274506191083737
2025,0.3748073773769495
